Workbook
Name Access: [1]Validation!$E$2:$E$223
Name AccessCircuit: [1]Validation!$C$2:$C$29
Name ACTION: #REF!
Name CoS: [1]Validation!$G$2:$G$47
Name Countries: [1]Validation!$A$2:$A$301
Name DSLCheckService: [1]Validation!$H$2:$H$4
Name Port: [1]Validation!$F$2:$F$40
Name VancoProducts: [1]Validation!$B$2:$B$4

Sheet Cover
B1: TEST CASE
B3: Version: | C3: 46113
B4: Issue date: | C4: 46026
B6: Project Name: | C6: Library Management System
B7: Project Code: | C7: KTPM-2026
B10: Record of change:
B11: Effective Date | C11: Version | D11: Change location | E11: Change description | F11: Originator | G11: Reviewer/ Approver | H11: Reference
B12: 46113 | C12: 1.0 | D12: ALL | E12: Create Test Case | F12: Thái Hùng | G12: Thái Hùng
B13: 46117 | C13: 1.1 | D13: Database sheet | E13: Add database test cases | F13: Thái Hùng | G13: Thái Hùng
B14: 46135 | C14: 1.2 | D14: Search sheet | E14: Add search test cases (from TC01-TC05) | F14: Thanh Huy | G14: Thái Hùng
B15: 46136 | C15: 1.3 | D15: Search sheet | E15: Fix search test case(TC04: Tìm kiếm < 2 ) Add search test cases(TC0-TC0) | F15: Thanh Huy | G15: Thái Hùng
B16: 46137 | C16: 1.4 | D16: Return book sheet | E16: Add return book test case (From TC01 - TC06) | F16: Thái Hùng | G16: Thái Hùng

Sheet Cơ sở dữ liệu
A1: TEST CASE
A3: System Name： | B3: Library Management System
A4: Module Code： | B4: DB01 - Database Testing
A5: Test requirement: | B5: DBR1 - Kiểm thử cơ sở dữ liệu
A6: Pass | B6: =COUNTIF(J:J,"Pass") -> 10 | C6: Pending | D6: =COUNTIF(J10:J736,"Pending") -> 0
A7: Fail | B7: =COUNTIF(J:J,"Fail") -> 0 | C7: Number of test cases: | D7: =COUNTA(A12:A100)-5 -> 10
A9: ID | B9: Test Case Description | C9: Test Case Procedure | D9: Expected Results | H9: Actual Results | I9: Test date | J9: Status | K9: Note
A12: Kiểm thử kết nối database
A13: TC01 | B13: Kiểm tra kết nối Database thành công | C13: Mở MySQL Workbench và chạy câu lệnh: SELECT 1; SELECT * FROM user | D13: Kết nối database thành công và các câu lệnh SELECT thực thi không lỗi | I13: 45781 | J13: Pass
A14: Kiểm thử ràng buộc dữ liệu
A15: TC02 | B15: Kiểm tra ràng buộc NOT NULL của cột username trong bảng user | C15: Mở MySQL Workbench và chạy câu lệnh: INSERT INTO user(username) VALUES(NULL); | D15: Database từ chối insert dữ liệu NULL vào cột username | I15: 45781 | J15: Pass
A16: TC03 | B16: Kiểm tra ràng buộc PRIMARY KEY của bảng user | C16: Mở MySQL Workbench và chạy câu lệnh: INSERT INTO user(id, name, username, password) VALUES(10, 'Hung','hung01', 'Abc123'); INSERT INTO user(id, name, username, password) VALUES(10, 'Huy','huy01', 'Abc123'); | D16: Database từ chối insert record thứ hai do trùng khóa chính | I16: 45781 | J16: Pass
A17: TC04 | B17: Kiểm tra ràng buộc FOREIGN KEY bảng borrow với user | C17: Mở MySQL Workbench và chạy câu lệnh: INSERT INTO borrow(user_id) VALUES(999); | D17: Database từ chối insert do user_id không tồn tại | I17: 45781 | J17: Pass
A18: Kiểm thử các thao tác CRUD
A19: TC05 | B19: Kiểm tra thêm dữ liệu vào bảng book | C19: Mở MySQL Workbench và chạy câu lệnh: INSERT INTO book(title, author, quantity, available, image, category_id, active) VALUES ('Test Book CRUD', 'Test Author', 10, 1, 'test.jpg', 1, 1); | D19: Insert dữ liệu thành công vào bảng book | I19: 45781 | J19: Pass
A20: TC06 | B20: Kiểm tra truy xuất dữ liệu từ bảng book | C20: Mở MySQL Workbench và chạy câu lệnh: SELECT * FROM book WHERE title = 'Test Book CRUD'; | D20: Trả về đúng bản ghi sách vừa được thêm | I20: 45781 | J20: Pass
A21: TC07 | B21: Kiểm tra cập nhật dữ liệu trong bảng book | C21: Mở MySQL Workbench và chạy câu lệnh: UPDATE book SET title = 'Updated Book CRUD', quantity = 5 WHERE title = 'Test Book CRUD'; | D21: Update thành công, title đổi thành Updated Book CRUD, quantity đổi thành 5 | I21: 45781 | J21: Pass
A22: TC08 | B22: Kiểm tra xóa dữ liệu trong bảng book | C22: Mở MySQL Workbench và chạy câu lệnh: DELETE FROM book WHERE title = 'Updated Book CRUD'; | D22: Xóa sách thành công khỏi bảng book | I22: 45781 | J22: Pass
A23: Kiểm thử toàn vẹn dữ liệu
A24: TC09 | B24: Kiểm tra xóa dữ liệu trong bảng book | C24: Mở MySQL Workbench: 1. Tạo user testing. 2. Tạo phiếu mượn. 3. Xóa user đang có phiếu mượn | D24: Database từ chối xóa user do đang được tham chiếu bởi bảng borrow | I24: 45781 | J24: Pass
A25: Kiểm thử dữ liệu đầu vào
A26: TC10 | B26: Kiểm tra dữ liệu đầu vào không hợp lệ với cột username | C26: Mở MySQL Workbench: INSERT INTO user(username) VALUES(NULL); | D26: INSERT INTO user(username) VALUES(NULL); | I26: 45781 | J26: Pass

Sheet Mượn sách
A1: TEST CASE
A3: System Name： | B3: Sample Project
A4: Module Code： | B4: CR100 - Export to excel
A5: Test requirement: | B5: CR1 -
A6: Pass | B6: =COUNTIF(J:J,"Pass") -> 3 | C6: Pending | D6: =COUNTIF(J10:J736,"Pending") -> 0
A7: Fail | B7: =COUNTIF(J:J,"Fail") -> 0 | C7: Number of test cases: | D7: =COUNTA(A12:A100)-15 -> -15
A9: ID | B9: Test Case Description | C9: Test Case Procedure | D9: Expected Results | H9: Actual Results | I9: Test date | J9: Status | K9: Note
J13: Pass
J15: Pass
J17: Pass

Sheet Trả sách
A1: TEST CASE
A3: System Name： | B3: Sample Project
A4: Module Code： | B4: CR100 - Export to excel
A5: Test requirement: | B5: CR1 -
A6: Pass | B6: =COUNTIF(J:J,"Pass") -> 7 | C6: Pending | D6: =COUNTIF(J10:J740,"Pending") -> 0
A7: Fail | B7: =COUNTIF(J:J,"Fail") -> 0 | C7: Number of test cases: | D7: =COUNTA(A12:A102)-15 -> -7
A9: ID | B9: Test Case Description | C9: Test Case Procedure | D9: Expected Results | H9: Actual Results | I9: Test date | J9: Status | K9: Note
A12: Kiểm thử hiển thị sách trên trang "Sách của tôi"
A13: TC01 | B13: Hiển thị đầy đủ thông tin sách đang mượn | C13: 1. Đăng nhập bằng tài khoản user Thái Hùng (Đang mượn sách). 2. Chọn vào mục sách của tôi. 3. Quan sát sách hiển thị. | D13: Hiển thị đầy đủ thông tin sách đang mượn: ảnh bìa, tên sách, tên tác giả, ngày mượn, ngày trả, tình trạng | H13: #VALUE! | I13: 25/04/2026 | J13: Pass
A14: TC02 | B14: Hiện thị tình trạng trễ hạn | C14: 1. Đăng nhập bằng tài khoản user Thái Hùng (Đang mượn sách). 2. Chọn vào mục sách của tôi. 3. Quan sát hiển thị của sách bị trễ hạn. | D14: Dòng "Tình trạng" của thẻ sách hiển thị: Trễ hạn | H14: #VALUE! | I14: 25/04/2026 | J14: Pass
A15: TC03 | B15: Hiện thị phí phạt khi sách trễ hạn | C15: 1. Đăng nhập bằng tài khoản user Thái Hùng (Đang mượn sách). 2. Chọn vào mục sách của tôi. 3. Quan sát hiển thị của sách bị trễ hạn. | D15: Thẻ sách bị trễ hạn trả hiển thị dòng: "Phí phạt: [Số tiền]" | H15: #VALUE! | I15: 25/04/2026 | J15: Pass
A16: TC04 | B16: Hiện thị tình trạng đã gửi yêu cầu trả sách | C16: 1. Đăng nhập bằng tài khoản user Thái Hùng (Đang mượn sách). 2. Chọn vào mục sách của tôi. 3. Nhấn vào nút "Gửi yêu cầu trả sách". 4. Nhấn "Đồng ý" trên popup hiện ra. 5. Quan sát hiển thị của sách sau khi đã gửi yêu cầu trả sách. | D16: Dòng "Tình trạng" của sách hiển thị: Đang trả sách | H16: #VALUE! | I16: 25/04/2026 | J16: Pass | K16: Fail: Already report bug to DEV(25/04/2026) Pass: DEV already fix (26/04/2026) => final: Pass
A17: TC05 | B17: Hiện thị thông báo khi user chưa mượn cuốn sách nào | C17: 1. Đăng nhập bằng tài khoản user Thanh Huy (Chưa mượn sách). 2. Chọn vào mục sách của tôi. 3. Quan sát sách hiển thị. | D17: Hiển thị thông báo "Khoan đã! Chưa có sách mượn" | H17: #VALUE! | I17: 25/04/2026 | J17: Pass
A18: Kiểm thử hiển thị các nút "Gửi yêu cầu trả sách"
A19: TC06 | B19: Hiển thị nút "Gửi yêu cầu trả sách" khi OVERDUE | C19: 1. Đăng nhập bằng tài khoản user Thái Hùng (Đang mượn sách). 2. Chọn vào mục sách của tôi. 3. Quan sát nút hiển thị dưới sách bị trễ hạn. | D19: Hiển thị nút màu đỏ "Gửi yêu cầu trả sách" ở trạng thái active (có thể nhấn được) | H19: #VALUE! | I19: 25/04/2026 | J19: Pass
J21: Pass

Sheet Tìm kiếm sách
A1: TEST CASE
A3: System Name： | B3: Sample Project
A4: Module Code： | B4: CR100 - Export to excel
A5: Test requirement: | B5: CR1 -
A6: Pass | B6: =COUNTIF(J:J,"Pass") -> 6 | C6: Pending | D6: =COUNTIF(J10:J737,"Pending") -> 0
A7: Fail | B7: =COUNTIF(J:J,"Fail") -> 2 | C7: Number of test cases: | D7: =COUNTA(A12:A100)-15 -> 1
A9: ID | B9: Test Case Description | C9: Test Case Procedure | D9: Expected Results | H9: Actual Results | I9: Test date | J9: Status | K9: Note
A12: Kiểm thử tìm kiếm theo tên tác giả
A13: TC01 | B13: Tìm theo tên tác giả | C13: 1. Truy cập vào ứng dụng, nhấp vào phần "Xem tất cả" sách 2. Nhập vào thanh tìm kiếm "Trần Đăng Hưng" 3. Chọn giá trị "Tác Giả" ở select box 4. Nhấn Enter hoặc biểu tượng kính lúp ở bên phải thanh tìm kiếm | D13: Hiển thị danh sách các sách có tên tác giả là "Trần Đăng Hưng" | I13: 23/04/2026 | J13: Pass
A14: Kiểm thử tìm kiếm theo tiêu đề sách
A15: TC02 | B15: Tìm theo tiêu đề sách | C15: 1. Truy cập vào ứng dụng, nhấp vào phần "Xem tất cả" sách 2. Nhập vào thanh tìm kiếm "Truyện Kiều" 3. Chọn giá trị "Tiêu Đề" ở select box 4. Nhấn Enter hoặc biểu tượng kính lúp ở bên phải thanh tìm kiếm | D15: Hiển thị danh sách các sách có tiêu đề là "Truyện Kiều" | I15: 23/04/2026 | J15: Pass
A16: Kiểm thử tìm kiếm theo thể loại
A17: TC03 | B17: tìm kiếm theo thể loại sách | C17: 1. Truy cập vào ứng dụng, nhấp vào phần "Xem tất cả" sách 2. Nhấp vào thể loại "Công Nghệ Thông Tin" | D17: Hiển thị danh sách sách thuộc thể loại "Công Nghệ Thông Tin" | I17: 23/04/2026 | J17: Pass
A18: Kiểm thử tìm kiếm với từ khóa < 2 ký tự
A19: TC04 | B19: tìm kiếm với từ khóa < 2 ký tự | C19: 1. Truy cập vào ứng dụng, nhấp vào phần "Xem tất cả" sách 2. Nhập vào thanh tìm kiếm "A" 3. Nhấn Enter hoặc biểu tượng kính lúp ở bên phải thanh tìm kiếm | D19: Hiển thị thông báo lỗi "Vui lòng nhập từ 2 ký tự trở lên để tìm kiếm sách!!!" | I19: 23/04/2026 24/04/2026 | J19: Pass | K19: Fail: Already report bug to DEV(23/04/2026) Pass: DEV already fix (24/04/2026) => final: Pass
A20: Kiểm thử tìm kiếm với từ khóa không tồn tại
A21: TC05 | B21: Tìm kiếm với từ khóa không tồn tại | C21: 1. Truy cập vào ứng dụng, nhấp vào phần "Xem tất cả" sách 2. Nhập vào thanh tìm kiếm "Sách Hướng Dẫn Tập Thể Hình" 3. Nhấn Enter hoặc biểu tượng kính lúp ở bên phải thanh tìm kiếm | D21: Hiển thị thông báo "Không tìm thấy cuốn sách nào phù hợp!" | I21: 23/04/2026 | J21: Pass
A22: Kiểm thử tìm kiếm khi để trống từ khóa
A23: TC06 | B23: Tìm kiếm khi để trống từ khóa | C23: 1. Truy cập vào ứng dụng, nhấp vào phần "Xem tất cả" sách 2. Để trống thanh tìm kiếm 3. Nhấn Enter hoặc biểu tượng kính lúp ở bên phải thanh tìm kiếm | D23: Hệ thống hiển thị toàn bộ danh sách sách mặc định | I23: 23/04/2026 | J23: Pass
A24: Kiểm thử tìm kiếm khi có khoảng trắng thừa
A25: TC07 | B25: Tìm kiếm khi có khoảng trắng thừa | C25: 1. Truy cập vào ứng dụng, nhấp vào phần "Xem tất cả" sách 2. Nhập vào thanh tìm kiếm " Lập trình Java core " 3. Nhấn Enter hoặc biểu tượng kính lúp ở bên phải thanh tìm kiếm | D25: Hệ thống tự cắt khoảng trắng thừa và vẫn tìm ra sách "Lập trình Java core" | I25: 24/04/2026 | J25: Fail | K25: Fail: Already report bug to DEV(24/04/2026)
A26: Kiểm thử tìm kiếm kết quả > 50 sách phải có phân trang
A27: TC07 | B27: Tìm kiếm kết quả > 50 sách phải có phân trang | C27: 1. Truy cập vào ứng dụng, nhấp vào phần "Xem tất cả" sách 2. Nhập vào thanh tìm kiếm "python" (do data các sách ảo là Sách lập trình Python tập 1-60) 3. Nhấn Enter hoặc biểu tượng kính lúp ở bên phải thanh tìm kiếm | D27: Hệ thống sẽ hiển thị phân trang với mỗi trang là 50 quyển sách | I27: 24/04/2026 | J27: Fail | K27: Fail: Already report bug to DEV(24/04/2026)

Sheet Test Report
A1: TEST REPORT
B3: Note:
B4: Date
B7: No | C7: Module code | D7: Pass | E7: Fail | F7: Pending | G7: Number of test cases
B8: 1 | C8: ='Mượn sách'!B4 -> CR100 - Export to excel | D8: ='Mượn sách'!B6+'Trả sách'!B6+'Tìm kiếm sách'!B6+'Cơ sở dữ liệu'!B6 -> 26 | E8: ='Mượn sách'!B7+'Trả sách'!B7+'Tìm kiếm sách'!B7 -> 2 | F8: ='Mượn sách'!D6 -> 0 | G8: ='Mượn sách'!D7+'Trả sách'!D7+'Tìm kiếm sách'!D7+'Cơ sở dữ liệu'!D7 -> -11
C10: Sub total | D10: =SUM(D6:D9) -> 26 | E10: =SUM(E6:E9) -> 2 | F10: =SUM(F6:F9) -> 0 | G10: =SUM(G6:G9) -> -11
C12: Test coverage | E12: =(D10+E10)*100/G10 -> -254.54545 | F12: %
C13: Test successful coverage | E13: =D10*100/G10 -> -236.36364 | F13: %
